project_name,department,fund,description,location,loc_type,lat,lon,geocoded,geocode_source,fy25_adopted,fy26_planned,fy27_planned,fy28_planned,fy29_planned,five_year_total,funding_source,in_sfha_100yr,in_sfha_500yr,any_flood,budget_note
City Buildings Assessment Master Plan,General Services,4000,"This project is providing funding for a city buildings assessment and the development of a master plan. The assessment will provide a comprehensive overview of the existing city facilities which will include the age of the facility, areas of need, and potential uses of the facility.",Citywide,CITYWIDE,,,False,citywide,400000.0,0.0,0.0,0.0,0.0,400000.0,General Fund / Other,False,False,False,
Commercial Park Upgrades,General Services,4000,Provide funds to maintain and update Commercial Park.,Commercial Park,NAMED_PLACE,36.844554,-76.2887876,True,nominatim_name,1500000.0,0.0,0.0,0.0,0.0,1500000.0,General Fund / Other,True,False,True,
Construct New Norfolk Animal Care Center,General Services,4000,Provide funds to construct the new Norfolk Animal Care Center.,New Animal Shelter,NAMED_PLACE,36.862,-76.31,True,previous_session,10000000.0,0.0,0.0,0.0,0.0,10000000.0,General Fund / Other,True,False,True,
Construct Elmwood Cemetery Columbarium,Cemeteries,4000,Provide funds for the construction of a columbarium at Elmwood Cemetery.  A columbarium is a free-standing building for the interment of cremated remains. There is currently no available grave inventory at Elmwood Cemetery; columbarium installation would provide 288 additional spaces for cremated remains to be interred.,"1000 Monticello Avenue, Norfolk, VA 23510",ADDRESS,36.8503,-76.2858,True,previous_session,0.0,0.0,0.0,0.0,0.0,400000.0,General Fund / Other,False,False,False,"Year-by-year not in budget PDF summary; FY25 from open data, outer years unavailable"
Improve Cemeteries Infrastructure,Cemeteries,4000,"Provide funds to improve infrastructure at city-owned cemeteries.  Funds may be used to repair roads, improve drainage, improvement and repair buildings, as well as investigate and evaluate the state of infrastructure to identify additional maintenance needs in the city's cemeteries.",Citywide,CITYWIDE,,,False,citywide,300000.0,0.0,0.0,0.0,0.0,1500000.0,General Fund / Other,False,False,False,"Year-by-year not in budget PDF summary; FY25 from open data, outer years unavailable"
Improve Westpoint Cemetery,Cemeteries,4000,"Provide funds to enhance the historic West Point area of Elmwood Cemetery. West Point Cemetery is a portion of Elmwood cemetery dedicated to Black Union soldiers from the Civil War that is on the National Register of Historic places. This project will support improving the entry signage and landscaping for the West Point area, as well as fund needed road work.","1000 Monticello Avenue, Norfolk, VA 23510",ADDRESS,36.8503,-76.2858,True,previous_session,125000.0,0.0,0.0,0.0,0.0,125000.0,General Fund / Other,False,False,False,"Year-by-year not in budget PDF summary; FY25 from open data, outer years unavailable"
Fund Chrysler Museum Capital Campaign,City Manager,4000,"Provide city grant funds to supplement monies raised by the Chrysler Museum. The city is making a commitment of $15,000,000 over ten years starting in FY 2023.",Chrysler Museum,NAMED_PLACE,36.8563628,-76.2929803,True,nominatim_name,0.0,0.0,0.0,0.0,0.0,6000000.0,General Fund / Other,True,False,True,"Year-by-year not in budget PDF summary; FY25 from open data, outer years unavailable"
Improve Infrastructure and Acquire Property,City Manager,4000,"Provide funds to address various infrastructure, disposition, and acquisition needs as they arise.",Citywide,CITYWIDE,,,False,citywide,1500000.0,0.0,0.0,0.0,0.0,7500000.0,General Fund / Other,False,False,False,"Year-by-year not in budget PDF summary; FY25 from open data, outer years unavailable"
Norfolk Botanical Garden's Capital Campaign,City Manager,4000,"Provide funds to support Norfolk Botanical Garden's ""The Garden of Tomorrow"" capital campaign. The project will improve the entrance to the Garden, construct a conservatory and create a water education and rowing center. Funding for this project was provided in FY 2024 and will be provided in FY 2025",Norfolk Botanical Gardens,NAMED_PLACE,36.905088,-76.2001661,True,nominatim_name,2500000.0,0.0,0.0,0.0,0.0,2500000.0,General Fund / Other,False,False,False,"Year-by-year not in budget PDF summary; FY25 from open data, outer years unavailable"
Support Citywide Public Art,City Manager,4000,"Provide funds to continue the citywide Public Art Program established by City Council in FY 2006. The Public Art Program strives to provide enduring, impactful artwork in Norfolk reflecting the city's cultural identities, that also challenges, delights, educates, beautifies, and gives character to public spaces.",Citywide,CITYWIDE,,,False,citywide,250000.0,0.0,0.0,0.0,0.0,800000.0,General Fund / Other,False,False,False,"Year-by-year not in budget PDF summary; FY25 from open data, outer years unavailable"
Support Major Demolitions,City Manager,4000,"Provide funds to support demolition projects across the city. Funding can be used on a variety of infrastructure such as bridges, buildings, and roadways. The funding can also be used to demolish derelict vessels.",Citywide,CITYWIDE,,,False,citywide,500000.0,0.0,0.0,0.0,0.0,2500000.0,General Fund / Other,False,False,False,"Year-by-year not in budget PDF summary; FY25 from open data, outer years unavailable"
Midtown Plan Implementation,City Planning,4000,"This project will provide funding for the initial implementation of the Midtown Plan. The Department of Planning will work with the community to determine prioritization and begin implementing the recommendations of the Midtown Plan.  Project scope includes land acquisition, right-of-way acquisition, real estate property improvements, and upgrades to parks and pedestrian safety.",Midtown,NAMED_PLACE,36.9161672,-76.2723296,True,norfolk_gis_facility,350000.0,0.0,0.0,0.0,0.0,350000.0,General Fund / Other,False,False,False,"Year-by-year not in budget PDF summary; FY25 from open data, outer years unavailable"
Improve Cultural Facilities,"Cultural Facilities, Arts and Entertainment",4000,"This is an ongoing project to improve: Scope Arena, Chrysler Hall, Attucks Theater, MacArthur Memorial, Wells Theater and Harrison Opera House. FY 2025 funding will be utilized to repair and restore the MacArthur Memorial Dome, restore the brick façade to Attucks Theater, and repair the floors and elevator at Wells Theater.","Multiple facilities, including the MacArthur Memorial, Scope Arena, Chrysler Hall, Harrison Opera House, Harbor Park and Attucks Theater.",NAMED_PLACE,36.8506,-76.2951,True,previous_session,2000000.0,0.0,0.0,0.0,0.0,6000000.0,General Fund / Other,True,False,True,"Year-by-year not in budget PDF summary; FY25 from open data, outer years unavailable"
Improve Harbor Park,"Cultural Facilities, Arts and Entertainment",4000,Continue ongoing improvements to Harbor Park. This project enhances the ballpark to improve the visitor's experience in accordance with our agreement with the Tides. FY 2025 funding includes procuring new wayfinding signage and a field cover.,Harbor Park,NAMED_PLACE,36.8506,-76.2951,True,previous_session,2500000.0,0.0,0.0,0.0,0.0,7000000.0,General Fund / Other,True,False,True,"Year-by-year not in budget PDF summary; FY25 from open data, outer years unavailable"
Replace Fire Station 15,Fire-Rescue,4000,"This project includes additional funds needed for replacement of Fire Station 15. The overall project steps include land acquisition, planning and engineering, and construction.",1425 Fisherman's Road,ADDRESS,36.898,-76.308,True,previous_session,2050000.0,1500000.0,1250000.0,1000000.0,1000000.0,6800000.0,General Fund / Other,True,False,True,Mapped from budget project: Maintain Fire Stations
Replace Fire Station 9,Fire-Rescue,4000,"This project includes additional funds needed for replacement of Fire Station 9. The overall project steps include planning, engineering, and construction.",115 Thole Street,ADDRESS,36.859,-76.27,True,previous_session,2050000.0,1500000.0,1250000.0,1000000.0,1000000.0,6800000.0,General Fund / Other,False,False,False,Mapped from budget project: Maintain Fire Stations
Acquire Fleet Vehicles and Equipment,Fleet Management,4000,"Provide funds to purchase vehicles and equipment. Purchases may include police vehicles, ambulances, work trucks, trailers, cargo vans, landscaping equipment, excavators, and backhoes.",City inventory,CITYWIDE,,,False,citywide,4000000.0,0.0,0.0,0.0,0.0,20000000.0,General Fund / Other,False,False,False,"Year-by-year not in budget PDF summary; FY25 from open data, outer years unavailable"
Purchase New Fire Apparatus,Fleet Management,4000,Purchase a new fire pumper truck. These trucks contain water tanks and hoses used to combat fires.,Citywide,CITYWIDE,,,False,citywide,1000000.0,0.0,0.0,0.0,0.0,1000000.0,General Fund / Other,False,False,False,"Year-by-year not in budget PDF summary; FY25 from open data, outer years unavailable"
Harbor Park Maintenance,General Services,4000,"This project provides funding to conduct maintenance at Harbor Park. Maintenance will include sealing of concourse decking, repairing sidewalks, and replacing seats.",Harbor Park,NAMED_PLACE,36.8506,-76.2951,True,previous_session,2950000.0,0.0,0.0,0.0,0.0,2950000.0,General Fund / Other,True,False,True,
Improve and Maintain the Zoo,General Services,4000,"Provide funding for various improvements to the Zoo. Improvements for FY 2025 include: Africa Trail surfacing replacement, perimeter fencing repairs, Africa Bongo House demolition and replacement, renovating and repairing the Animal Care Building, painting Africa Trail exhibits, renovating the Asia, Africa, and administration building restrooms, repairing the tiger and orangutan waterfall, repairing the green barn, repairing the rhinoceros yard, repairing the irrigation system, reskinning the greenhouses, and other various exhibit repairs.","Virginia Zoological Park, 3500 Granby St., Norfolk, VA 23504",NAMED_PLACE,36.8781415,-76.2766962,True,nominatim_address,4575000.0,780000.0,0.0,0.0,0.0,5355000.0,General Fund / Other,False,True,True,
Improve Elevators Citywide,General Services,4000,Provide funds to modernize failing elevators throughout the city.,Citywide,CITYWIDE,,,False,citywide,2000000.0,2000000.0,2000000.0,2000000.0,2000000.0,10000000.0,General Fund / Other,False,False,False,
Improve Waterside Ferry Dock,General Services,4000,Provide funding to replace failing and deteriorating decking/infrastructure at the Waterside Ferry Dock.,"Waterside Ferry Dock.  333 Waterside Drive, Norfolk, VA 23510",NAMED_PLACE,36.8442728,-76.291087,True,nominatim_address,1500000.0,0.0,0.0,0.0,0.0,1500000.0,General Fund / Other,True,False,True,
Install and Replace Emergency Generators,General Services,4000,Provide funds for the replacement of emergency generators.,Citywide,CITYWIDE,,,False,citywide,1500000.0,500000.0,500000.0,500000.0,500000.0,3500000.0,General Fund / Other,False,False,False,
Maintain Chrysler Hall,General Services,4000,"Provide funds to maintain and repair Chrysler Hall. Project scope includes pressure washing and re-sealing of concrete joints, repairs to Exhibition Hall flooring, etc.",Chrysler Hall Facility,NAMED_PLACE,36.8520784,-76.2862456,True,nominatim_name,2375000.0,1200000.0,1200000.0,1200000.0,1200000.0,7175000.0,General Fund / Other,False,False,False,
Maintain Fire Stations,General Services,4000,"Provide funding to upgrade fire stations to include roofs, HVAC, apron replacement, restroom upgrades, and general station improvements.",Citywide,CITYWIDE,,,False,citywide,2050000.0,1500000.0,1250000.0,1000000.0,1000000.0,6800000.0,General Fund / Other,False,False,False,
Maintain Municipal Facilities,General Services,4000,"Provide funds to renovate and improve civic buildings, office space, and other city-owned facilities. Funds may be used to replace roofs and HVAC systems citywide, and to implement the ADA masterplan. FY 2025 includes funding for asbestos remediation and abatement, roof replacement, HVAC replacements, sewer lift station replacement at the Police Training Center, renovations for the facility maintenance facility, Nauticus restroom renovation, a splashpad at Norview, façade repairs at JANAF Library, and mechanical upgrades at the School Administration building.",Citywide,CITYWIDE,,,False,citywide,8700000.0,8000000.0,5500000.0,5500000.0,5500000.0,33200000.0,General Fund / Other,False,False,False,
Maintain Scope Arena,General Services,4000,"Provide funds to replace the retractable bleachers and arena risers, repair and coat the exterior concrete buttresses and roof ring, and repair the in-loading ramp.","Scope Arena, 201 E.  Brambleton Ave",NAMED_PLACE,36.853259,-76.2868936,True,nominatim_address,2500000.0,2000000.0,2000000.0,2000000.0,2000000.0,10500000.0,General Fund / Other,False,False,False,
Operations Facilities Master Plan,General Services,4000,"Provide funding for an operations facilities master plan. This study will be able to inform the city whether the current facilities meet the operational needs of departments, how to remedy existing issues, and any areas of increased operational capacity that is being underutilized within the existing facilities.",Citywide,CITYWIDE,,,False,citywide,350000.0,0.0,0.0,0.0,0.0,350000.0,General Fund / Other,False,False,False,
Renovate City Jail 8th Floor for Medical Services,General Services,4000,Renovation of Jail's 8th floor for medical services. This will enable the city to provide medical care for inmates with acute cases that can no longer be housed at the Hampton Roads Regional Jail.,City Jail facility is located at 811 East City Hall Ave,NAMED_PLACE,36.846964,-76.2850255,True,nominatim_address,1000000.0,500000.0,0.0,0.0,0.0,1500000.0,General Fund / Other,False,True,True,
Renovate Nature Explorium,General Services,4000,Funds will support the improvement of outdoor equipment at the Richard Tucker Memorial Library's Nature Explorium. Wood fixtures have deteriorated and are in need of repair/replacement in order to maintain the space for library visitors.,Richard A. Tucker Memorial Library,NAMED_PLACE,,,False,unresolved,250000.0,0.0,0.0,0.0,0.0,250000.0,General Fund / Other,False,False,False,
Renovate Norfolk Jail Satellite Building,General Services,4000,This project is to renovate the jail satellite building ventilation system and all showers.,Jail facility is located at 811 East City Hall Ave.,NAMED_PLACE,36.846964,-76.2850255,True,nominatim_address,700000.0,0.0,0.0,0.0,0.0,700000.0,General Fund / Other,False,True,True,
Renovate Sheriff Administration Building,General Services,4000,"This project is to complete repairs and/or upgrades to the Sheriff Administration Building. These repairs include replacement of the roof covering, replacement of the HVAC system, upgrading the restrooms to a gender-neutral bathroom including repair of existing plumbing, and upgrading the building electrical system to modern code.",Norfolk Sheriff Administration building is located at 140 East Street in Norfolk,NAMED_PLACE,36.8445593,-76.2824667,True,nominatim_address,1500000.0,0.0,0.0,0.0,0.0,1500000.0,General Fund / Other,False,True,True,
Repair and Replace Underground Storage Tanks,General Services,4000,Provide funds to replace/repair aging underground storage tanks that have exceed their life expectancy.,Citywide,CITYWIDE,,,False,citywide,250000.0,250000.0,250000.0,250000.0,250000.0,1250000.0,General Fund / Other,False,False,False,
Repair City Jail Tower-Two Roof,General Services,4000,Replacement of roofing material on City Jail Tower Two to address leaks and prevent damage to the structure.,City Jail is located at 811 East City Hall Ave,NAMED_PLACE,36.846964,-76.2850255,True,nominatim_address,800000.0,0.0,0.0,0.0,0.0,800000.0,General Fund / Other,False,True,True,
Replace Chiller at Central Energy Plant,General Services,4000,Provide funds to replace the second of three chillers scheduled for replacement at the Central Energy Plant.,"Central Energy Plant.  920 E Main Street, Norfolk, VA 23510",NAMED_PLACE,36.8445265,-76.283831,True,nominatim_address,800000.0,800000.0,0.0,0.0,0.0,1600000.0,General Fund / Other,False,False,False,
Support Jail Improvements,General Services,4000,"Provide funds for general jail improvements and annual HVAC system enhancements. General jail improvements may include roof replacement, plumbing, installing an exhaust system, removing mold and mildew, and system upgrades in the common areas.","Norfolk Jail.  140 East Street, Norfolk, VA 23510",NAMED_PLACE,36.8445593,-76.2824667,True,nominatim_address,1666981.0,1000000.0,1000000.0,1000000.0,1500000.0,6166981.0,General Fund / Other,False,True,True,
The Slover Maintenance and Replacements,General Services,4000,Provide funds for general maintenance and replacements at The Slover.,"Slover Library - 235 E Plume Street, Norfolk, VA 23510",NAMED_PLACE,36.8466931,-76.2905186,True,nominatim_address,200000.0,200000.0,200000.0,200000.0,200000.0,1000000.0,General Fund / Other,False,True,True,
Upgrade Security at City Facilities,General Services,4000,Provide funding to continue the implementation of security enhancement projects to ensure the safety of employees and visitors to city facilities.,Citywide,CITYWIDE,,,False,citywide,700000.0,700000.0,940000.0,830000.0,630000.0,3800000.0,General Fund / Other,False,False,False,
Moton Circle Redevelopment,Housing and Community Development,4000,Provide funding for the redevelopment of Moton Circle as conceptualized through the Broad Creek Revitalization and Implementation Plan. The redevelopment of the community is a continuation of the efforts of the Broad Creek/Hope VI project which has resulted in a mixed-income community of approximately 130 homes.,Moton's Circle - Broad Creek Area,NAMED_PLACE,36.8538456,-76.2274687,True,norfolk_gis_facility,5500000.0,0.0,0.0,0.0,0.0,5500000.0,General Fund / Other,True,False,True,
Revitalize St. Paul's Community,Housing and Community Development,4000,"Provide funds for the redevelopment of the St. Paul's area. The site will become a mixed-use, multi-income development to deconcentrate poverty and enact place-based initiatives.  The roadways will be elevated to prevent future flooding and obsolete and failing infrastructure will be updated to support the community.",Former Tidewater Gardens Public Housing Community/Future Kindred neighborhood,NAMED_PLACE,36.8472289,-76.2850385,True,norfolk_gis_facility,3000000.0,3000000.0,3000000.0,3000000.0,3000000.0,15000000.0,General Fund / Other,False,True,True,
Strengthening Neighborhoods through Affordable Housing,Housing and Community Development,4000,"Provide funds to invest in affordable housing strategies that strengthen neighborhoods. The project will focus on initiatives related to homeownership, rental revitalization, and neighborhood cohesion. The project will provide neighborhood building focused on residents in the Ingleside and Monticello Village/ Oakdale Farms neighborhoods. This project supports recommendations from the Poverty Commission.","Monticello Village, Oakdale Farms, and Ingleside Neighborhoods",NAMED_PLACE,,,False,unresolved,0.0,1750000.0,1750000.0,0.0,0.0,3500000.0,General Fund / Other,False,False,False,Not found in FY25 budget PDF — open data only
Support Blue/Greenway Amenities in St. Paul's Area,Housing and Community Development,4000,"Provide funds to support the installation of amenities throughout the Blue/Greenway in St. Paul's area. Funds will be used to transform the Blue/Greenway in Tidewater Gardens into a park and open space area that will be utilized for community events, recreation, and leisure.",Former Tidewater Gardens Public Housing Community/Future Kindred neighborhood,NAMED_PLACE,36.8472289,-76.2850385,True,norfolk_gis_facility,7760000.0,0.0,0.0,0.0,0.0,7760000.0,General Fund / Other,False,True,True,
Acquire Technology,Information Technology,4000,"Provide funds to purchase information technology (IT) infrastructure. Funds will be used for cameras and servers, fingerprint scanners, and electronic health record system replacement.",Citywide,CITYWIDE,,,False,citywide,4100000.0,4000000.0,4000000.0,4000000.0,4000000.0,20100000.0,General Fund / Other,False,False,False,
Maintain USS Wisconsin BB-64,Nauticus,4000,"Provide funds for the improvement, maintenance and long-term upkeep of the USS Wisconsin.  Funding may include improvements to the interior spaces; maintenance and repair of the battleship; repair and painting of the hull; accessibility improvements for doors and egresses; anti-corrosion application above water; equipment and systems improvements; and required environmental testing.",Nauticus (Maritime Center) - USS Wisconsin,NAMED_PLACE,36.8477284,-76.2950957,True,nominatim_name,600000.0,850000.0,600000.0,600000.0,600000.0,3250000.0,General Fund / Other,True,False,True,
Provide Match for Nauticus Exhibit Renovations,Nauticus,4000,"The ""Reimagine Nauticus"" capital campaign supports a comprehensive $21.5 million exhibit redesign project.  The first phase of this two-phased redesign opened in May 2023, and the entire project is scheduled to be completed by November 2024.  An entirely new visitor experience will include the addition of five state-of-the-art exhibit galleries and a new ""Wonder Hall"" entrance pavilion.  This holistic redesign will parallel newly created ""STEM to Stern"" programming and chart a course for the next generation of families, learners, and professionals.",Nauticus (Maritime Center),NAMED_PLACE,36.8477284,-76.2950957,True,nominatim_name,1250000.0,0.0,0.0,0.0,0.0,1250000.0,General Fund / Other,True,False,True,
Homeless Shelter Expansion and Upgrades,Norfolk Community Services Board,4000,"Provide funds for expansion and general upgrades of the homeless shelter, The Center, on Tidewater Drive. Funds may be used to support furnishing, fixtures, equipment, generators, ADA ramping, ADA restrooms and other necessary ADA requirements, formal plan and design of installation of fencing, and other costs.",To be determined.  It is preferrable that the commercial kitchen is near the Homeless Housing Center at 1050 Tidewater Drive.,NAMED_PLACE,36.8549963,-76.2732713,True,nominatim_address,1500000.0,0.0,0.0,0.0,0.0,1500000.0,General Fund / Other,True,True,True,
Acquire School Buses,Norfolk Public Schools,4000,"Provide funds to acquire school buses for Norfolk Public Schools. In FY 2013, the City of Norfolk began providing $1 million a year to purchase school buses. It is anticipated that this funding will support the purchase of eight to nine school buses annually depending on the type of bus purchased.",These buses are used citywide.,NAMED_PLACE,,,False,unresolved,1000000.0,1000000.0,1000000.0,1000000.0,1000000.0,5000000.0,General Fund / Other,False,False,False,
Major School Maintenance,Norfolk Public Schools,4000,"Provide support for major maintenance and repair to school facilities. Projects in this category help preserve the life of buildings, perform major preventative maintenance, and undertake significant repairs.  Prior to the distribution of funds each year, Norfolk Public Schools provides a list of planned projects and the results of the prior year's efforts.",All school's are impacted by this project,NAMED_PLACE,,,False,unresolved,18719958.0,3000000.0,3000000.0,3000000.0,3000000.0,30719958.0,General Fund / Other,False,False,False,
Maury High School,Norfolk Public Schools,4000,Provide funds to support the design and construction of a new high school as part of the new school construction initiative.,Location of the new Maury High School has not been determined.,NAMED_PLACE,36.86514783111,-76.2907033250993,True,norfolk_gis_facility,10000000.0,10000000.0,117000000.0,0.0,0.0,137000000.0,General Fund / Other,False,False,False,
Norview Elementary School,Norfolk Public Schools,4000,"Provides funds for the design and construction of a new Norview Elementary School. The planned funding for this project has been delayed by one fiscal year pending decisions from the School Board on whether they intend to consolidate and close certain schools in order to more effectively and efficiently meet student needs. According to the school's modernization plan, funding for this project will be provided by revenues generated by the casino.",Norview Elementary School,NAMED_PLACE,36.8972876,-76.2400838,True,nominatim_name,0.0,0.0,0.0,0.0,1000000.0,1000000.0,General Fund / Other,False,False,False,Not found in FY25 budget PDF — open data only
Elevator Upgrade and Repair Program,Parking Facilities Fund,5100,"Provide funds to renovate two elevators in the MacArthur Parking Garage, one elevator in Main Street Garage and contingency for emergency elevator repairs in FY25.  The approved funds will be utilized in FY25.  In FY23 and FY24 funding was provided for these elevators but they had to be pulled from the project as a result of increased renovation costs.","MacArthur Garages, Main Street Garage",NAMED_PLACE,36.8492542,-76.2881945,True,norfolk_gis_facility,2500000.0,1950000.0,0.0,0.0,0.0,4450000.0,General Fund / Other,False,False,False,
Maintain Parking Facilities,Parking Facilities Fund,5100,"Provide funds to maintain city parking facilities with projects such as structural, ventilation, lighting and elevator upgrades throughout the system.",Various Garages,NAMED_PLACE,36.8462424,-76.2906683,True,nominatim_name,500000.0,500000.0,2900000.0,2900000.0,2900000.0,9700000.0,General Fund / Other,False,True,True,
Parking Garage Re-Lamping Program,Parking Facilities Fund,5100,"Provide funds to provide a re-lamping program for Bank Street, Charlotte Street, Town Point, and Main Street garages to replace all lighting with high-efficiency LED's. The approved funds will be utilized for re-lamping of light fixtures to LEDs. $3.0m in funding for this project is provided by a reappropriation of prior authorization from the ""Convert Street Lights to LED"" project.","Bank Street Garage, Charlotte Street Garage, Town Point Garage, Main Street Garage",NAMED_PLACE,,,False,unresolved,3300000.0,0.0,0.0,0.0,0.0,3300000.0,General Fund / Other,False,False,False,
Structural Repairs and Waterproofing,Parking Facilities Fund,5100,Provide funds to repair the Freemason Street Parking Garage in FY 2025.,Freemason Street and Various Garages.,NAMED_PLACE,,,False,unresolved,350000.0,1775000.0,0.0,0.0,0.0,2125000.0,General Fund / Other,False,False,False,
Eastside Recreation Center,Parks and Recreation,4000,"Provide funding for a recreation facility needs assessment, which will include site selection/identification, and space programming for a future recreation center.",Eastside of the city. Location has yet to be determined.,NAMED_PLACE,,,False,unresolved,350000.0,0.0,0.0,0.0,0.0,350000.0,General Fund / Other,False,False,False,
Implement Ocean View Beach Access Routes,Parks and Recreation,4000,"Provide funds for Phase II of Ocean View Beach access routes project which would construct beach access routes in the following locations: Community Beach, 1st Bay Street, and 21st Bay Street. Beach access routes are continuous, unobstructed accessible paths that cross the surface of the beach to allow pedestrians to play, swim, or participate in other beach activities. Beach access routes must extend from an outdoor recreation access route or other beach entry point to the high tide level at tidal beaches.",Ocean View area,NAMED_PLACE,,,False,unresolved,400000.0,0.0,0.0,0.0,0.0,400000.0,General Fund / Other,False,False,False,
Implement Parks and Recreation Master Plan,Parks and Recreation,4000,"Provide funding to support the implementation of the Parks & Recreation Master Plan Assessment. The goal of the Master Plan is to be a national leader in providing life changing experiences. This project works to improve and upgrade amenities within parks such as playgrounds and playing fields, improve customer experience and safety issues, and improve infrastructure and address environmental compliance issues. FY 2026 improvements will include renovation of the Therapeutic Recreation Center playground, upgrades to Goff Street Park and various beach related improvements including new fitness equipment and trail improvements in Ocean View.",Citywide,CITYWIDE,,,False,citywide,0.0,500000.0,500000.0,500000.0,500000.0,2000000.0,General Fund / Other,False,False,False,Not found in FY25 budget PDF — open data only
Improve ADA Access in Parks,Parks and Recreation,4000,"Provide funds to develop a transition plan and implement accessibility improvements annually throughout the city at parks and recreation facilities. Improvements will include items such as repairing walkways, upgrading curb ramps, and Americans with Disability Act (ADA) compliance in facilities.",Citywide,CITYWIDE,,,False,citywide,150000.0,150000.0,150000.0,150000.0,150000.0,750000.0,General Fund / Other,False,False,False,
Improve Berkley Community Center and Amenities,Parks and Recreation,4000,"This project will install a new water amenity at Berkley Community Center and will support a community and programming needs assessment for the George Banks Center, Berkley Community Center, and Sally Anthony House.",Berkley recreation center,NAMED_PLACE,36.83089057528223,-76.28507853257572,True,norfolk_gis_facility,2350000.0,0.0,0.0,0.0,0.0,2350000.0,General Fund / Other,False,False,False,
Improve Community and Neighborhood Parks,Parks and Recreation,4000,"Provide funds to improve and upgrade amenities within community parks. FY 2025 improvements include renovations to Sutton Street Park, installation of perimeter fencing at Five Points Park, and fencing installation and landscaping improvements of Community Beach Park.",Citywide,CITYWIDE,,,False,citywide,500000.0,500000.0,500000.0,500000.0,500000.0,2500000.0,General Fund / Other,False,False,False,
Improve Existing Community Centers,Parks and Recreation,4000,"Provide funds for improvements to entryways, landscaping, and interior and exterior renovations at existing recreation centers. Planned work will enhance the appearance, serviceability, and safety at various recreation centers throughout the city. Improvements may consist of resolving issues such as replacing antiquated systems well past their maintainable lifespan, meeting current code regulations, implementing resiliency measures, improving patron experience and addressing other life safety concerns. FY 2025 funds will be used to improve the gym floor and basketball facilities at the Huntersville Recreation Center, install accessible doors at various facilities, install badge access at recreation facilities, and resurface gym floors.",Citywide,CITYWIDE,,,False,citywide,200000.0,200000.0,200000.0,200000.0,200000.0,1000000.0,General Fund / Other,False,False,False,
Improve Tennis and Pickleball Courts Citywide,Parks and Recreation,4000,"Provide funds to enhance public use of tennis facilities by improving courts in city parks and various facilities at Norfolk Public Schools sites. In FY 2025 funds will be used to improve courts at Lafayette Park, Lakewood Park, and Berkley Park. Additional tennis courts will be improved, renovated, or turned into pickleball courts in future fiscal years based on the recommended priorities of the 2022 citywide tennis court assessment.",Citywide,CITYWIDE,,,False,citywide,2250000.0,1000000.0,1000000.0,1000000.0,1000000.0,6250000.0,General Fund / Other,False,False,False,
Broad Creek Main Channel Maintenance Dredging,Public Works,4000,"Provide funds to perform maintenance dredging of the existing recreational boating channels in Broad Creek, including both the main and ancillary channels. Navigational channels must be dredged approximately every 10-15 years.",Easton Ave & Fontaine Ave,NAMED_PLACE,36.8538456,-76.2274687,True,norfolk_gis_facility,0.0,0.0,0.0,100000.0,900000.0,1000000.0,General Fund / Other,True,False,True,Not found in FY25 budget PDF — open data only
Chrysler Hall Renovation,Public Works,4000,"Provide funds for renovations to Chrysler Hall. This project will enhance patron experience by improving ticketing options, improving seating and providing more restroom and concession amenities. Improvements will also be made to improve performance capacity including lighting and acoustic changes, and improvements to back of house areas to improve event logistics and performer spaces. The renovation will also modernize mechanical, electrical, and other building systems. This project will be partially funded by historic tax credits and will explore targeted improvements around the elevated plaza to improve access and activate the outdoor spaces with events and amenities.",Chrysler Hall,NAMED_PLACE,36.8520784,-76.2862456,True,nominatim_name,1500000.0,3500000.0,70000000.0,12000000.0,0.0,87000000.0,General Fund / Other,False,False,False,
Construct Public Safety Emergency Operations Headquarters,Public Works,4000,"This project provides funds for the construction of a Public Safety headquarters. This will include space for public safety administration, a real time crime center, emergency operations, and 911 dispatch. Construction for the project is estimated to occur in FY 2030 and beyond.",Location not yet known,NAMED_PLACE,,,False,unresolved,0.0,0.0,1000000.0,1000000.0,0.0,2000000.0,General Fund / Other,False,False,False,Not found in FY25 budget PDF — open data only
Develop Streets and Bridges Multi-Purpose Space,Public Works,4000,"Provide funds to renovate a space in the Public Works Streets & Bridges Operations Facility. The renovated space will serve as a meeting and training room, as well as an employee lunch and break room. Funding was provided for this project in FY 2024, but due to project cost increases, additional funding is needed to support the completion of the project.",2205 McKann Ave,ADDRESS,36.868,-76.302,True,previous_session,175000.0,0.0,0.0,0.0,0.0,175000.0,General Fund / Other,False,True,True,
Improve 23rd Street Streetscapes,Public Works,4000,"Provide funds to support design and construction of Phase III of the 23rd Streetscape Improvements. The third phase of the project will improve the eastern portion of 23rd Street as well as connecting streets. Improvements include enhanced pedestrian connections along and across 23rd Street to support the existing light industrial businesses and allow pedestrians to safely cross railroad tracks. The project includes significant storm water improvements, and aesthetic improvements of improved street lighting and landscaping that will also provide storm water drainage. This project received funding from SLFRF made possible by ARPA in FY 2023.",23rd St between Omohundro Ave and Colonial Ave,ADDRESS,,,False,unresolved,0.0,1000000.0,0.0,1000000.0,0.0,2000000.0,General Fund / Other,False,False,False,Not found in FY25 budget PDF — open data only
Improve Neighborhood Streets,Public Works,4000,"Provide funds for the installation of new curbs, gutters, sidewalk, resurfacing, and drainage in various neighborhood locations throughout the city in accordance with prioritized needs. FY 2025 funding will focus on increasing Americans with Disability Act (ADA) compliance by installing ADA compliant ramps in the following neighborhoods: Ballentine Park, Rosemont, Larrymore, and Glenwood Park.",Citywide,CITYWIDE,,,False,citywide,550000.0,550000.0,550000.0,550000.0,550000.0,2750000.0,General Fund / Other,False,False,False,
Improve Richmond Crescent and Surrey Crescent,Public Works,4000,Provide funds to replace failing bulkheads at Richmond Crescent and Surrey Crescent with both living and rock shorelines. This will help to protect the roadways from rising tides and mitigate frequent nuisance flooding in the area. The project will also include expansion of the existing living shoreline between Myrtle Park and Larchmont Library.,Richmond Crescent & Surrey Crescent,NAMED_PLACE,36.8988244,-76.305499,True,nominatim_name,5500000.0,0.0,0.0,0.0,0.0,5500000.0,General Fund / Other,False,False,False,
J.T. West Infrastructure project,Public Works,4000,"The foundational infrastructure to include public utilities, stormwater, right of way connectivity, and site preparation to support the future development of new homes that are compatible with the neighborhood character in the Olde Huntersville neighborhood.",Olde Huntersville Neighborhood,NAMED_PLACE,,,False,unresolved,250000.0,1773500.0,0.0,0.0,0.0,2023500.0,General Fund / Other,False,False,False,
Pretty Lake Main Channel Maintenance Dredging,Public Works,4000,"Provide funds to perform maintenance dredging of the main channels in Pretty Lake to address shoaling that has occurred. The navigational channels in Pretty Lake consist of ancillary channels in the lake branches which access the various residential areas, and main channels which connect the ancillaries. The existing navigational channels must be periodically re-dredged (typically every 10 to 15 years) to prevent shoaling from natural processes or from storms.",Pretty Lake Ave & 11th Bay St,NAMED_PLACE,36.9262145,-76.196269,True,nominatim_name,0.0,0.0,1300000.0,0.0,0.0,1300000.0,General Fund / Other,False,False,False,Not found in FY25 budget PDF — open data only
Provide Funding for Ocean View Beach Park,Public Works,4000,"Provide funds for additional utilities-related work for the Ocean View Beach Park revitalization. Funds will support the undergrounding of overhead utilities on site, as well as the design and construction of a new signal.  Improvements will include updated ADA-compliant restrooms, updated and ADA-compliant lifeguard and storage areas, replacement of the sand dune barrier fencing to restrict traffic on protected areas of the beach, and increasing safety and aesthetics of the site by replacing old and outdated lighting with energy efficient LED lighting. Funds to improve the former Greenies site and expand Ocean View Beach Park were provided in FY 2024, Phase I of the project was funded by State and Local Fiscal Recovery Funds (SLFRF). This project is being supported by using $2.9M that was previously appropriated for the Pretty Lake Boat Ramp.",1st View St & W Ocean View Ave,ADDRESS,36.9185,-76.2898,True,previous_session,2950081.0,2049919.0,0.0,0.0,0.0,5000000.0,General Fund / Other,False,False,False,
Provide Funds for Dredging of Lafayette River,Public Works,4000,"Provide funds to dredge portions of the Lafayette River. Locations being dredged in FY 2025 are South Blake Road Neighborhood, Blake Road, Sir Oliver Drive Neighborhood, and Arden Circle. Dredging the South Blake Road Neighborhood and Sir Oliver Drive Neighborhood will establish new navigation channels.",Dredging at various locations in the Lafayette River east of Granby St.,NAMED_PLACE,36.8999571,-76.2911629,True,norfolk_gis_facility,1760000.0,0.0,0.0,0.0,0.0,1760000.0,General Fund / Other,False,False,False,
Provide Matching Funds for Corps Beach Nourishment,Public Works,4000,"Provide matching funds for re-nourishment of the beaches in Willoughby & Ocean View. The city has a federal project agreement with the Army Corps of Engineers that requires the non-federal partner (the city) to pay approximately 30% of the cost of re-nourishment project cost. Beach renourishment prevents and corrects shoreline erosion, helping to protect nearby properties during storm events, ensure emergency vehicle access to the area, and provide areas and opportunities for recreation for residents and visitors.",Norfolk Beaches between Little Creek and Willoughby Spit,NAMED_PLACE,36.9550842,-76.2515429,True,norfolk_gis_facility,0.0,5000000.0,5000000.0,0.0,0.0,10000000.0,General Fund / Other,False,False,False,Not found in FY25 budget PDF — open data only
Reconstruct and Rehabilitate Hague Bulkhead,Public Works,4000,"Provide funds for the second phase of replacement and rehabilitation of the failing bulkhead along the north side of the Hague. FY 2025 funds will support the second phase of the project which will replace and rehabilitate the portion of the bulkhead at Memorial Place in front of Chrysler Museum of Art eastwards until just after the failed section of the bulkhead. In addition to replacing and rehabilitating the bulkhead, the project will also include the installation of check valves to prevent flooding through the storm drain system.",Mowbray Arch & Botetourt St,NAMED_PLACE,36.8554215,-76.2963157,True,nominatim_name,2250000.0,0.0,0.0,0.0,0.0,2250000.0,General Fund / Other,True,False,True,
Rehabilitate Brambleton Avenue Bridge,Public Works,4000,Provide funds for the rehabilitation of Brambleton Avenue Bridge which has recently been surveyed and found to be in need of major rehabilitation to meet safety standards. This project will include the repair of various deteriorated aspects of the bridge.,"Brambleton Avenue over Smith Creek (The Hague), near intersection of Brambleton Avenue & Colley Avenue",NAMED_PLACE,36.8593861,-76.3046862,True,norfolk_gis_facility,0.0,600000.0,4000000.0,0.0,0.0,4600000.0,General Fund / Other,False,False,False,Not found in FY25 budget PDF — open data only
Rehabilitate HRT Transfer Center and Parking Lot,Public Works,4000,"Provide funds to increase parking and operational space at the Downtown Norfolk Traffic Center (DNTC) to support the redevelopment of the Kindred Neighborhood. This will include the removal of the canopy and installation of pull-off/around lanes and operational parking spaces at the current DNTC. The project will also include the reconfiguration of parking at Fire-Rescue Station #1, including installation of gated parking for Hampton Roads Transit staff and patrons and the expansion of the existing parking lot with relocated parking spaces for Fire-Rescue staff.",Adjacent to HRT Transfer Center,NAMED_PLACE,36.8728966,-76.2814807,True,norfolk_gis_facility,1000000.0,0.0,0.0,0.0,0.0,1000000.0,General Fund / Other,False,True,True,
Rehabilitate Large Roadway Culverts,Public Works,4000,"Provide funds for the rehabilitation of large roadway culverts, including repairs to nearby curbs, gutters, and sidewalks. Regular culvert maintenance is required to prevent cracking of sidewalks and settling of the roadway and helps reduce flooding issues while improving the lifespan of the city's stormwater system.",Citywide,CITYWIDE,,,False,citywide,0.0,0.0,0.0,200000.0,1800000.0,2000000.0,General Fund / Other,False,False,False,Not found in FY25 budget PDF — open data only
Rehabilitate Norview Ave Bridge,Public Works,4000,"Provide funds for the rehabilitation of Norview Avenue Bridge to keep the bridge in serviceable condition. A variety of repair work will be completed, including repairs to the structure of the bridge, and repairs to the road and sidewalk along the bridge.","Norview Ave over Lake Whitehurst, at entrance to Norfolk International Airport",NAMED_PLACE,36.8904785,-76.2358181,True,norfolk_gis_facility,0.0,750000.0,6750000.0,0.0,0.0,7500000.0,General Fund / Other,False,False,False,Not found in FY25 budget PDF — open data only
Repair Military Highway Bridge over Virginia Beach Boulevard,Public Works,4000,"Provide funds to repair the Military Highway Bridge over Virginia Beach Boulevard. Work will include the repair of the concrete deck of the bridge, repair to several structural aspects of the bridge, as well as the repair of the sunken approach shoulder of the bridge.",N Military Hwy & Virginia Beach Blvd,NAMED_PLACE,,,False,unresolved,250000.0,1500000.0,0.0,0.0,0.0,1750000.0,General Fund / Other,False,False,False,
"Repair, Replace, and Maintain Bridges",Public Works,4000,"Provide funds to address significant maintenance needs with respect to the city's bridge infrastructure. Funds will provide for repair and upgrade of aging key bridge structures that are in significant stages of deterioration. Bridge rating assessments are used to prioritize which bridges need to be repaired or replaced. In FY 2025 the following bridges will be repaired: Waterside Pedestrian Bridge, Marriott Pedestrian Bridge, Tidewater Drive over Lafayette (Bell's Bridge), and Tidewater over Lafayette (Seeley's Bridge).",Citywide,CITYWIDE,,,False,citywide,2450000.0,1450000.0,1200000.0,1050000.0,1065000.0,7215000.0,General Fund / Other,False,False,False,
Scope Arena Renovation,Public Works,4000,"Provide funding for the renovation of the Scope Arena. This project will improve items to enhance patron experience, such as ticketing, seating, concession and restroom improvements. The renovation will also include improvements to the venue to better support performances and sporting events including renovation of back of house areas and modernization of mechanical, electrical and other building systems. The project will be partially funded through the use of historical tax credits.",Scope Arena,NAMED_PLACE,36.853259,-76.2868936,True,nominatim_name,4500000.0,4500000.0,44000000.0,10000000.0,0.0,63000000.0,General Fund / Other,False,False,False,
Construct Coastal Storm Risk Management project,Resilience,4000,"Provide funds for the city's match portion of the Coastal Storm Risk Management project. The project will construct coastal flooding protection measures to protect the city from coastal flooding and damage from hurricanes, nor-easters, and other significant storm events. The project requires a 35% match from non-federal funds. Total project costs are estimated to be $2,660,532,000. FY 2025 will support Phase 1 of the project, which will construct flood protection measures consisting of berms and floodwalls from Town Point Park to Harbor Park. Additional phases of the project will construct flood protection measures throughout the city including storm-surge barriers, nearly 8 miles of floodwalls, nearly 1 mile of levees, 11 tide gates, and ten pump stations, along with a series of nonstructural projects that include home elevations, basement fills, and commercial floodproofing. The FY 2025 total and future year totals will be adjusted based on the amounts adopted in the state's budget.",Citywide,CITYWIDE,,,False,citywide,25000000.0,46500000.0,93000000.0,93000000.0,93000000.0,350500000.0,General Fund / Other,False,False,False,
Construct the Blue/Greenway in St. Paul's Area,Storm Water Management,2300,"Provide funds to construct the Blue/Greenway in the St. Paul's Area. Funds will be used for the redevelopment of approximately 26 acres of public housing and other properties into an aesthetic open space designed to treat and store storm water runoff in the face of long-term outlooks on storm events and sea level rise. This transformation will create a water eco-center comprised of parks, green spaces, and a dynamic living laboratory.",Parallel along the west side of Tidewater Drive extending from Brambleton Avenue to City Hall Avenue.,NAMED_PLACE,36.861117,-76.2716568,True,norfolk_gis_facility,1315200.0,0.0,0.0,0.0,0.0,1315200.0,General Fund / Other,False,False,False,
Implement Pond Retrofits Citywide,Storm Water Management,2300,Provide funds to support the implementation of pond retrofit projects citywide. Pond retrofits enhance pollutant removal and assist in flood mitigation. This project will identify and implement pond retrofit opportunities citywide to provide and/or enhance current infrastructure and best management practices.,Citywide,CITYWIDE,,,False,citywide,0.0,0.0,0.0,500000.0,750000.0,1250000.0,General Fund / Other,False,False,False,Not found in FY25 budget PDF — open data only
Implement Shoreline Restoration,Storm Water Management,2300,"Provide funds to implement shoreline restoration in various areas across the city. The shoreline restoration process involves planting specific vegetation, constructing protective sills, adding sand fill, and creating buffer zones to reduce erosion and allow natural growth to build up the shoreline. Upcoming shoreline restoration projects include Granby Street Park, Walters Drive, Hermitage West Repair, East Ocean View Community Center, and Steamboat Creek Living Shorelines.",Citywide,CITYWIDE,,,False,citywide,0.0,0.0,0.0,500000.0,750000.0,1250000.0,General Fund / Other,False,False,False,Not found in FY25 budget PDF — open data only
Improve Chesapeake Boulevard Drainage,Storm Water Management,2300,Construct storm water improvements between East Little Creek Road and Bayview Boulevard. The storm water improvements will reduce the incidence of standing water and minor flooding during thunderstorms and leverage streetscape improvements for the area.,Chesapeake Boulevard between East Little Creek Road and Bayview Boulevard,NAMED_PLACE,36.8744083,-76.2535971,True,norfolk_gis_facility,0.0,1315200.0,1315200.0,0.0,0.0,2630400.0,General Fund / Other,False,False,False,Not found in FY25 budget PDF — open data only
Improve East Ocean View Drainage,Storm Water Management,2300,Provide funds to improve drainage in the East Ocean View area. The current system is rudimentary and undersized. The new system will add storm water infrastructure to manage a 10-year storm event and will coincide with the Department of Utilities sanitary sewer upgrades in the same area.  Improvements will be between East Ocean View Avenue and Pretty Lake.,East Ocean View.  Bay Streets south of East Ocean View Avenue and west of Shore Drive.,NAMED_PLACE,36.9350941,-76.2130779,True,nominatim_name,0.0,0.0,0.0,3000000.0,3000000.0,6000000.0,General Fund / Other,False,False,False,Not found in FY25 budget PDF — open data only
Improve Glenrock Drainage,Storm Water Management,2300,Provide funds to improve drainage in the Glenrock neighborhood. This project will add storm water pipes and inlets to manage a 10-year storm event and right-size the Storm Water system to meet current standards and neighborhood needs.,"Glenrock is bounded by Military Highway to the west, I-64 to the east, Poplar Hall Drive to the north and I-264 to the south.",NAMED_PLACE,36.9063231,-76.2320802,True,norfolk_gis_facility,0.0,0.0,0.0,1500000.0,1500000.0,3000000.0,General Fund / Other,False,False,False,Not found in FY25 budget PDF — open data only
Improve Overbrook/Coleman Place Drainage,Storm Water Management,2300,Provide funds to improve the drainage in the Overbrook/Coleman Place area. This project will install storm water collection and conveyance systems throughout the neighborhood to manage 10-year storm events and better mitigate flooding issues in the roadway caused by precipitation flooding.,"Overbrook/Coleman Place is bounded by Robin Hood Road to the north, Cape Henry Avenue to the south, Cromwell Road to the west and Sewells Point Road to the east.",NAMED_PLACE,36.8779303,-76.2341361,True,norfolk_gis_facility,0.0,0.0,0.0,2000000.0,2000000.0,4000000.0,General Fund / Other,False,False,False,Not found in FY25 budget PDF — open data only
Improve Park Place Drainage,Storm Water Management,2300,Provide funds to support drainage improvements in the Park Place neighborhood. The project will add piping and inlets that will improve the storm water collection and conveyance system and will right-size the storm water system to meet current engineering standards.,Park Place neighborhood,NAMED_PLACE,36.8715366,-76.2879962,True,nominatim_name,0.0,0.0,0.0,500000.0,0.0,500000.0,General Fund / Other,False,True,True,Not found in FY25 budget PDF — open data only
Enhance Signals and Intersections,Transportation,4000,"This project will improve and upgrade intersections and the city's traffic signal system to improve safety, traffic flow, and facilitate emergency operations. Improvements anticipated include: intersection improvements, pedestrian signals, school flashing lights, traffic calming improvements, and studies/counts. Traffic signals will be integrated and updated with the Advanced Traffic Management System to improve corridor operations and traffic flow. Traffic calming funds will install and construct of traffic calming devices in various residential corridors throughout the city. Design efforts could include traffic signal infrastructure, pedestrian signal, ADA, geometric improvements, and/or traffic calming devices.",Citywide,CITYWIDE,,,False,citywide,1000000.0,1000000.0,1000000.0,1000000.0,1000000.0,5000000.0,General Fund / Other,False,False,False,
Implement Complete Streets Initiative,Transportation,4000,"Provide funds to develop citywide transportation connectivity initiatives.  The Complete Streets Initiative promotes safe access for all pedestrians, bicyclists, and transit users of all ages and abilities. This project will include the installation of sidewalk improvements in conjunction with pedestrian signal improvements, school zone flashing beacons, rectangular rapid flashing pedestrian warning beacons and other improvements that support the Complete Streets Initiative.",Citywide,CITYWIDE,,,False,citywide,0.0,750000.0,750000.0,750000.0,750000.0,3000000.0,General Fund / Other,False,False,False,Not found in FY25 budget PDF — open data only
Improve the NEON District Streetscapes,Transportation,4000,Provide construction funds for the updated streetscape on Granby Street from Brambleton Avenue to Virginia Beach Boulevard. The FY 2025 funding request includes the construction for the upgraded traffic signal and accommodations at Virginia Beach Boulevard and Granby Street.,Virginia Beach Boulevard and Granby Street,NAMED_PLACE,36.8568909,-76.2919135,True,norfolk_gis_facility,750000.0,0.0,0.0,0.0,0.0,750000.0,General Fund / Other,True,False,True,
Improve Transportation Infrastructure Citywide,Transportation,4000,"Provide funds for street infrastructure repairs citywide.  Funds may be used in conjunction with the project management, design, and construction of Virginia Department of Transportation (VDOT) projects and providing the matching funds to improve asphalt and concrete roads.  Improvements may include streetscape improvements to occur in conjunction with utility repairs, asphalt resurfacing in accordance with the Pavement Management Plan, and repair and replacement of concrete streets in accordance with the Pavement Management Plan.",Citywide,CITYWIDE,,,False,citywide,3000000.0,4000000.0,3000000.0,3000000.0,2000000.0,15000000.0,General Fund / Other,False,False,False,
Install ADA Ramps Citywide,Transportation,4000,Provide funds to install ramps compliant with standards in the Americans with Disabilities Act (ADA). Funds are used to increase accessibility of pedestrian crossings.,Citywide,CITYWIDE,,,False,citywide,500000.0,500000.0,500000.0,500000.0,500000.0,2500000.0,General Fund / Other,False,False,False,
Install New Sidewalks,Transportation,4000,"Provide funds to install new sidewalks throughout the city.  The additional sidewalks will improve connectivity for multi-modal transportation throughout the city and improve pedestrian safety. The request will fund construction for projects that have a completed design. The requested funding will also allow for the program to continue evaluation, design, and construction of new sidewalk projects.",Citywide,CITYWIDE,,,False,citywide,250000.0,250000.0,250000.0,250000.0,250000.0,1250000.0,General Fund / Other,False,False,False,
Install Signals at Ocean View Avenue and 21st Bay Street,Transportation,4000,"Installation of a new traffic signal at the intersection of Ocean View Avenue and 21st Bay Street.  The project includes funding for design, possible acquisition of right of way, and construction of the new traffic signal and pedestrian accommodations (signals, crosswalks) to facilitate safe passage for vehicles and pedestrians.",Ocean View Avenue and 21st Bay Street,NAMED_PLACE,,,False,unresolved,0.0,0.0,100000.0,1500000.0,0.0,1600000.0,General Fund / Other,False,False,False,Not found in FY25 budget PDF — open data only
Install Signals at Tidewater Drive and Marvin Ave,Transportation,4000,Installation of a new traffic signal at the intersection of Tidewater Drive and Marvin Avenue.  The project includes construction of a southbound Tidewater Drive left turn lane and pedestrian crossing signals to facilitate bike and pedestrian access to and from Northside Park.,Tidewater Drive and Marvin Avenue,NAMED_PLACE,36.861117,-76.2716568,True,norfolk_gis_facility,100000.0,1150000.0,0.0,0.0,0.0,1250000.0,General Fund / Other,False,False,False,
Multimodal Improvements for Lafayette Boulevard,Transportation,4000,"Design and construct multimodal improvements along Lafayette Boulevard from 26th Street to Tidewater Drive. Improvements would enhance safety, mobility, and connectivity along the corridor for pedestrians, vehicles, transit, and other modes of travel. Improvements may include, but are not limited to, lane repurposing, pedestrian improvements (such as Rectangular Rapid Flashing Beacons (RRFBs)), turn lane improvements, signage, and pavement markings.",Lafayette Boulevard from 26th Street to Tidewater Drive,NAMED_PLACE,36.8754734,-76.2480061,True,norfolk_gis_facility,900000.0,0.0,0.0,0.0,0.0,900000.0,General Fund / Other,False,False,False,
Provide Transportation Funding to DCIP,Transportation,4000,"This project will construct stormwater management system improvements on Hampton Boulevard south of the Lafayette River Bridge. The improvements will occur in four phases and reduce flood constraints to allow better military and civilian personnel access for the local mission.   The overall project will be managed by Public Works (PW). PW applied for a Defense Community Infrastructure Pilot Program (DCIP) grant and received $2,369,284 in federal funding. This project will provide the contribution from Department of Transportation to improve the signal and intersection at Hampton Boulevard and Lexan Avenue.",Hampton Boulevard from Jamestown Crescent to the Lafayette River bridge,NAMED_PLACE,36.8627676,-76.3054392,True,norfolk_gis_facility,750000.0,0.0,0.0,0.0,0.0,750000.0,General Fund / Other,False,False,False,
Replace Signals at 26th Street and Waverly Way,Transportation,4000,"Installation of a new traffic signal at the intersection of 26th Street and Waverly Way.  This signal has surpassed its useful life cycle. This project includes funding for design, possible right of way acquisition, and construction of a replacement traffic signal. Pedestrian accommodations (signals, crosswalks) will also be upgraded to meet Americans with Disabilities Act (ADA) standards.",26th Street and Waverly Way,ADDRESS,36.9078,-76.279,True,previous_session,0.0,0.0,0.0,100000.0,850000.0,950000.0,General Fund / Other,False,False,False,Not found in FY25 budget PDF — open data only
Replace Signals at Granby Street and Kingsley Lane,Transportation,4000,"Installation of a new traffic signal at the intersection of Granby Street and Kingsley Lane.  This signal has surpassed its useful life cycle. This project includes funding for design, possible right of way acquisition, and construction of a replacement traffic signal.",Granby Street and Kingsley Lane,NAMED_PLACE,36.9161672,-76.2723296,True,norfolk_gis_facility,0.0,0.0,100000.0,0.0,950000.0,1050000.0,General Fund / Other,False,False,False,Not found in FY25 budget PDF — open data only
Replace Signals at Sewells Point & Robin Hood Road,Transportation,4000,"Installation of a new traffic signal at the intersection of Sewell's Point Road and Robin Hood Road.  This signal has surpassed its useful life cycle. This project includes funding for design, possible right-of-way acquisition and construction of a replacement traffic signal. Pedestrian accommodations (signals, crosswalks) will also be upgraded to meet Americans with Disabilities Act (ADA) standards.",Sewell's Point Road and Robin Hood Road,NAMED_PLACE,36.8660311,-76.2288031,True,norfolk_gis_facility,0.0,0.0,100000.0,1150000.0,0.0,1250000.0,General Fund / Other,False,False,False,Not found in FY25 budget PDF — open data only
Replace Signals at VB Blvd and Kempsville Rd,Transportation,4000,"Installation of a new traffic signal at the intersection of Virginia Beach Boulevard and Kempsville Road.  This signal has surpassed its useful life cycle. This project includes funding for design and construction of a replacement traffic signal. Pedestrian accommodations (signals, crosswalks) will also be upgraded to meet Americans with Disabilities Act (ADA) standards.",Virginia Beach Boulevard and Kempsville Road,NAMED_PLACE,36.8568909,-76.2919135,True,norfolk_gis_facility,0.0,0.0,100000.0,0.0,1900000.0,2000000.0,General Fund / Other,True,False,True,Not found in FY25 budget PDF — open data only
Improve Larchmont Wastewater Infrastructure,Utilities - Wastewater Fund,5200,"Install new pump stations, gravity mains and force mains in Larchmont in partnership with Hampton Roads Sanitation District (HRSD). Design and construction of three new wastewater pump stations and associated gravity sewers and force mains in Larchmont.",Larchmont area,NAMED_PLACE,36.8979254,-76.3027193,True,norfolk_gis_facility,2750000.0,2750000.0,0.0,0.0,0.0,5500000.0,General Fund / Other,True,False,True,
Improve Wastewater Collection System,Utilities - Wastewater Fund,5200,"Provide funds for the design, replacement, and rehabilitation of several thousand feet of gravity sewer pipe to eliminate overflows. In addition, the project provides for upgrades to pump stations and failing sections of force mains.",Citywide,CITYWIDE,,,False,citywide,21500000.0,20000000.0,25000000.0,25000000.0,25000000.0,116500000.0,General Fund / Other,False,False,False,
Improve Wastewater Infrastructure in St. Paul's Area,Utilities - Wastewater Fund,5200,"Provide funds to improve and expand the wastewater infrastructure in the St. Paul's area. The project will help provide the infrastructure required to transform the St. Paul's area into a mixed-use, mixed-income development in order to deconcentrate poverty and enact place-based initiatives.",St. Paul's area.,NAMED_PLACE,,,False,unresolved,2200000.0,0.0,0.0,0.0,0.0,2200000.0,General Fund / Other,False,False,False,
J.T. West Wastewater Infrastructure,Utilities - Wastewater Fund,5200,"Funding provided within this project will support infrastructure improvements including public utilities, stormwater, right of way connectivity, and site preparation at the J.T. West site. These improvements will support the future development of new homes that are compatible with the neighborhood character in the Olde Huntersville neighborhood.",Olde Huntersville neighborhood - Bolton Street,NAMED_PLACE,,,False,unresolved,1637000.0,0.0,0.0,0.0,0.0,1637000.0,General Fund / Other,False,False,False,
Coastal Storm Risk Management - Water,Utilities - Water Fund,5300,Relocation of a water line that is located at Harbor Park. Moving this utility line is required to support the construction of the Coastal Storm Risk Management (CSRM) project.,Harbor Park,NAMED_PLACE,36.8506,-76.2951,True,previous_session,11000000.0,0.0,0.0,0.0,0.0,11000000.0,General Fund / Other,True,False,True,
Comply with Lead and Copper Rule Revisions,Utilities - Water Fund,5300,"Provide funds to perform work to satisfy the requirements under the EPA's latest proposed Lead and Copper Rule Revisions (LCRR). The scope of work will revolve around projects required to be in compliance with the LCRR.  Tasks may include addressing Lead Trigger Level, Lead and Copper Tap Monitoring, Corrosion Control Treatment, Service Line Inventory, and Lead Service Line Replacement.",Citywide,CITYWIDE,,,False,citywide,1600000.0,100000.0,100000.0,100000.0,100000.0,2000000.0,General Fund / Other,False,False,False,
Construct Commonwealth Railroad Pipeline,Utilities - Water Fund,5300,"Acquire property, complete design and permitting, and construct 900 linear feet of new water main parallel to Commonwealth Railway tracks in Suffolk. This increase reflects the updated cost estimate as of this year. The project will be coordinated with the City of Portsmouth and Virginia Port Authority, who will administer the grant.","City of Suffolk, Virginia; Coordinates at southwest terminus of project: 36.79484, -76.52070; Coordinates at northeast terminus At Sportsman Boulevard: 36.80376, -76.50459",NAMED_PLACE,36.79484,-76.5207,True,embedded_coords,7300000.0,0.0,0.0,0.0,0.0,7300000.0,General Fund / Other,False,False,False,
Develop Advanced Metering Infrastructure (AMI),Utilities - Water Fund,5300,"Provide funds to allow for automated meter readings through the use of Advanced Metering Infrastructure (AMI). An AMI system is a collection of meters, encoder registers, Meter Interface Units and data collectors. This data is shared with a variety of software systems that support key utility business processes. AMI systems require meters that are outfitted with an encoder register, which can transmit a digital signal of the meter reading. This project will entail replacement of existing direct-read registers or replacement of the entire meter-register-endpoint assemblies. An AMI study will be performed and a plan will be implemented. Corresponding design and construction efforts will be executed for the entire AMI system throughout the City of Norfolk in a systemic and economical manner.",All the meters located in Norfolk will be converted to AMI. (all Wards and Superwards). The master meters owned by Norfolk and located in Virginia Beach will be converted to AMI. (outside city limits),NAMED_PLACE,,,False,unresolved,9000000.0,9000000.0,4500000.0,0.0,0.0,22500000.0,General Fund / Other,False,False,False,
Improve Water Infrastructure in St. Paul's Area,Utilities - Water Fund,5300,Design and construction of new drinking water distribution mains in St. Paul's area.,St. Paul's area.,NAMED_PLACE,36.8472289,-76.2850385,True,norfolk_gis_facility,1650000.0,0.0,0.0,0.0,0.0,1650000.0,General Fund / Other,False,True,True,
J.T West Water Infrastructure,Utilities - Water Fund,5300,"Funding provided within this project will support infrastructure improvements including public utilities, stormwater, right of way connectivity, and site preparation at the J.T. West site. These improvements will support the future development of new homes that are compatible with the neighborhood character in the Olde Huntersville neighborhood.",Olde Huntersville Neighborhood - Bolton Street,NAMED_PLACE,,,False,unresolved,1363000.0,0.0,0.0,0.0,0.0,1363000.0,General Fund / Other,False,False,False,
Replace Lake Smith Culvert,Utilities - Water Fund,5300,Replace the existing culvert under Northampton Boulevard that connects Lake Whitehurst with Lake Smith. The culvert is owned by the City of Norfolk.,"Northampton Boulevard, City of Virginia Beach, U.S. Route 13; Coordinates: 36.89316, -76.16309",NAMED_PLACE,36.89316,-76.16309,True,embedded_coords,1000000.0,1000000.0,5500000.0,5500000.0,0.0,13000000.0,General Fund / Other,False,False,False,
Replace Water Transmission / Distribution Mains,Utilities - Water Fund,5300,"Provide funds for the continued improvement of the city's raw water transmission and finished water distribution systems to include piping, finished water storage tanks and pumping facilities. The project also funds equipment needed to repair/service these assets and includes funding to replace raw water main crossings of Nansemond River and Baines Creek in Suffolk. Funds for engineering support to include testing, modeling, studies, design, and construction administration. Water distribution mains will be replaced in conjunction with sanitary sewer replacements in neighborhood streets. Transmission mains that have exceeded their useful life are planned for replacement. Raw water system improvements are required to ensure continued functionality of the system.","Department of Utilities raw and finished water pipelines in Norfolk, Chesapeake, Portsmouth, Suffolk, Virginia Beach.",NAMED_PLACE,,,False,unresolved,20100000.0,20100000.0,18700000.0,18700000.0,18700000.0,96300000.0,General Fund / Other,False,False,False,
Support Watershed Management,Utilities - Water Fund,5300,"Provide funds to procure property to protect water quality around reservoirs; replace aeration equipment; improve dams, spillways, boat ramps, and raw water pump stations and wells; dredge reservoirs on periodic basis to maintain safe yield. These actions will help maintain high quality and sufficient amount of water for customers and ensure compliance with Commonwealth of Virginia Dam Safety Regulations.","Department of Utilities assets in Norfolk, Virginia Beach, Suffolk, Isle of Wight County.",NAMED_PLACE,,,False,unresolved,3000000.0,3000000.0,3000000.0,3000000.0,3000000.0,15000000.0,General Fund / Other,False,False,False,
Upgrade Billing System,Utilities - Water Fund,5300,NorthStar billing system replacement in order to ensure a functional and compatible billing system which interfaces with Hampton Roads Sanitation District (HRSD). It will ensure servers and software are in place to keep systems functioning properly and allow for efficient operations. Necessary city staff and HRSD will be consulted during the process for NorthStar replacement process.,The billing system serves customers citywide (all Wards and Superwards) and system wide (outside city limits).,NAMED_PLACE,,,False,unresolved,200000.0,200000.0,200000.0,200000.0,200000.0,1000000.0,General Fund / Other,False,False,False,
Upgrade Water Treatment Plants,Utilities - Water Fund,5300,"Provide funds for the necessary modifications to the Kristen M. Lentz Water Treatment Plant, the Moores Bridges Water Treatment Plant, and the Lake Wright Pump Station. These projects may include construction and/or upgrades to storage tanks, chemical feeders, solids removal systems, clarification basins, and finished water storage and are programmed based on asset management plans. The project also funds replacement of equipment to repair/service these assets, including laboratory equipment which measures finished water quality. The Kristen M. Lentz Water Treatment Plant serves western Norfolk, US Navy facilities and a portion of Chesapeake. The Moores Bridges Water Treatment Plant serves eastern Norfolk and Virginia Beach.",Citywide,CITYWIDE,,,False,citywide,14200000.0,14100000.0,13400000.0,13400000.0,13400000.0,68500000.0,General Fund / Other,False,False,False,
Support Virginia Zoo Capital Campaign,Zoological Park,4000,"Provide a city match to funds raised by the Virginia Zoo Society to support the Exploration and Adventure Capital Campaign. The city made a commitment of $2,000,000 over four years beginning in FY 2023.","Virginia Zoological Park, 3500 Granby St., Norfolk, VA 23504",NAMED_PLACE,36.8781415,-76.2766962,True,nominatim_address,500000.0,500000.0,0.0,0.0,0.0,1000000.0,General Fund / Other,False,True,True,
